{"search":"","showTags":false,"showAttachments":false,"hideUnresolved":false,"showOrphans":true,"showArrow":false,"nodeSizeMultiplier":1.58348623853211,"lineSizeMultiplier":1.67339449541284,"centerStrength":0.403669724770642,"repelStrength":20,"linkStrength":0.81651376146789,"linkDistance":30,"scale":0.06142362642677139}